ax, x, bx, ay, y, by, log.sigma.x, log.sigma.y, rho.tilde 
NA,4.60517,NA,NA,4.60517,NA,-4.51588,-4.51588,0
4.60438,4.60662,4.61647,4.58308,4.58401,4.6121,-4.51588,-4.51588,0
4.59063,4.59097,4.6128,4.56963,4.56991,4.59246,-4.64516,-4.51668,1.7346
