ax, x, bx, ay, y, by, log.sigma.x, log.sigma.y, rho.tilde 
NA,4.60517,NA,NA,4.60517,NA,-4.51588,-4.51588,0
4.60438,4.60662,4.61647,4.58308,4.58401,4.6121,-4.51588,-4.51588,0
4.59063,4.59097,4.6128,4.56963,4.56991,4.59246,-4.64516,-4.51668,1.7346
4.58088,4.58452,4.59128,4.55199,4.56753,4.57191,-4.79458,-4.39683,1.7346
4.57551,4.57725,4.59214,4.5584,4.56665,4.57743,-4.32715,-4.28878,1.7346
