ax, x, bx, ay, y, by, log.sigma.x, log.sigma.y, rho.tilde 
NA,4.60517,NA,NA,4.60517,NA,-4.51588,-4.51588,0
4.60438,4.60662,4.61647,4.58308,4.58401,4.6121,-4.49267,-4.53114,1.38629
4.58835,4.58886,4.61364,4.56983,4.57011,4.59234,-4.20284,-4.40382,1.38629
4.57033,4.57633,4.58944,4.55232,4.56775,4.5721,-4.03407,-4.62664,1.38629
4.56325,4.56562,4.58708,4.56124,4.56713,4.57481,-4.45563,-4.7429,1.38629
4.54736,4.54754,4.57023,4.56424,4.56685,4.57678,-4.46319,-4.58511,1.38629
