mean_log_sigma_x, var_log_sigma_x,mean_log_sigma_y, var_log_sigma_y,mean_rho_tilde, var_rho_tilde, NA
-3.85653,0.160842,-4.00899,0.376179,1.3674,0.0224622,
-3.98236,0.0834449,-4.38035,0.0629839,1.31448,0.0341311,
-3.94326,0.0939073,-4.46051,0.0823104,1.27888,0.0507932,
-3.83472,0.0896059,-4.49862,0.145115,1.35657,0.0462809,
